<?xml version="1.0"?>
<root>
  <mtef>
    <mtef_version>3</mtef_version>
    <platform>1</platform>
    <product>1</product>
    <product_version>3</product_version>
    <product_subversion>10</product_subversion>
    <full/>
    <slot>
      <options>0</options>
      <char>
        <options>1</options>
        <typeface>3</typeface>
        <mt_code_value>0x0044</mt_code_value>
      </char>
      <char>
        <options>0</options>
        <typeface>6</typeface>
        <mt_code_value>0x003D</mt_code_value>
      </char>
      <tmpl>
        <options>0</options>
        <selector>tmBAR</selector>
        <variation>tvFENCE_L</variation>
        <variation>tvFENCE_R</variation>
        <template_specific_options>0</template_specific_options>
        <slot>
          <options>0</options>
          <char>
            <options>1</options>
            <typeface>3</typeface>
            <mt_code_value>0x004B</mt_code_value>
          </char>
          <sub2/>
          <char>
            <options>0</options>
            <typeface>8</typeface>
            <mt_code_value>0x0031</mt_code_value>
          </char>
          <full/>
          <char>
            <options>0</options>
            <typeface>6</typeface>
            <mt_code_value>0x2212</mt_code_value>
          </char>
          <char>
            <options>1</options>
            <typeface>3</typeface>
            <mt_code_value>0x004B</mt_code_value>
          </char>
          <sub2/>
          <char>
            <options>0</options>
            <typeface>8</typeface>
            <mt_code_value>0x0032</mt_code_value>
          </char>
          <end/>
        </slot>
        <full/>
        <char>
          <options>0</options>
          <typeface>22</typeface>
          <mt_code_value>0xEC07</mt_code_value>
        </char>
        <char>
          <options>0</options>
          <typeface>22</typeface>
          <mt_code_value>0xEC08</mt_code_value>
        </char>
        <end/>
      </tmpl>
      <end/>
    </slot>
    <end/>
  </mtef>
</root>
