<?xml version="1.0"?>
<root>
  <mtef>
    <mtef_version>3</mtef_version>
    <platform>1</platform>
    <product>1</product>
    <product_version>3</product_version>
    <product_subversion>10</product_subversion>
    <full/>
    <slot>
      <options>0</options>
      <tmpl>
        <options>0</options>
        <selector>tmFLOOR</selector>
        <variation>tvFENCE_L</variation>
        <variation>tvFENCE_R</variation>
        <template_specific_options>0</template_specific_options>
        <slot>
          <options>0</options>
          <end/>
        </slot>
        <char>
          <options>0</options>
          <typeface>22</typeface>
          <mt_code_value>0xF8F0</mt_code_value>
        </char>
        <char>
          <options>0</options>
          <typeface>22</typeface>
          <mt_code_value>0xF8FB</mt_code_value>
        </char>
        <end/>
      </tmpl>
      <end/>
    </slot>
    <end/>
  </mtef>
</root>
