<?xml version="1.0"?>
<root>
  <mtef>
    <mtef_version>3</mtef_version>
    <platform>1</platform>
    <product>1</product>
    <product_version>3</product_version>
    <product_subversion>10</product_subversion>
    <full/>
    <slot>
      <options>0</options>
      <tmpl>
        <options>0</options>
        <selector>tmFRACT</selector>
        <variation>tvFR_FULL</variation>
        <template_specific_options>0</template_specific_options>
        <slot>
          <options>0</options>
          <char>
            <options>0</options>
            <typeface>8</typeface>
            <mt_code_value>0x0032</mt_code_value>
          </char>
          <char>
            <options>0</options>
            <typeface>24</typeface>
            <mt_code_value>0xEB04</mt_code_value>
          </char>
          <char>
            <options>0</options>
            <typeface>1</typeface>
            <mt_code_value>0x0064</mt_code_value>
          </char>
          <end/>
        </slot>
        <slot>
          <options>0</options>
          <char>
            <options>0</options>
            <typeface>8</typeface>
            <mt_code_value>0x0032</mt_code_value>
          </char>
          <char>
            <options>0</options>
            <typeface>8</typeface>
            <mt_code_value>0x0030</mt_code_value>
          </char>
          <char>
            <options>0</options>
            <typeface>8</typeface>
            <mt_code_value>0x0034</mt_code_value>
          </char>
          <char>
            <options>0</options>
            <typeface>24</typeface>
            <mt_code_value>0xEB04</mt_code_value>
          </char>
          <char>
            <options>0</options>
            <typeface>1</typeface>
            <mt_code_value>0x0064</mt_code_value>
          </char>
          <end/>
        </slot>
        <end/>
      </tmpl>
      <char>
        <options>0</options>
        <typeface>6</typeface>
        <mt_code_value>0x22C5</mt_code_value>
      </char>
      <char>
        <options>0</options>
        <typeface>8</typeface>
        <mt_code_value>0x0031</mt_code_value>
      </char>
      <char>
        <options>0</options>
        <typeface>8</typeface>
        <mt_code_value>0x0030</mt_code_value>
      </char>
      <char>
        <options>0</options>
        <typeface>8</typeface>
        <mt_code_value>0x0030</mt_code_value>
      </char>
      <char>
        <options>0</options>
        <typeface>24</typeface>
        <mt_code_value>0xEB04</mt_code_value>
      </char>
      <char>
        <options>0</options>
        <typeface>2</typeface>
        <mt_code_value>0x0025</mt_code_value>
      </char>
      <char>
        <options>0</options>
        <typeface>6</typeface>
        <mt_code_value>0x003D</mt_code_value>
      </char>
      <char>
        <options>0</options>
        <typeface>8</typeface>
        <mt_code_value>0x0030</mt_code_value>
      </char>
      <char>
        <options>0</options>
        <typeface>2</typeface>
        <mt_code_value>0x002C</mt_code_value>
      </char>
      <char>
        <options>0</options>
        <typeface>8</typeface>
        <mt_code_value>0x0039</mt_code_value>
      </char>
      <char>
        <options>0</options>
        <typeface>8</typeface>
        <mt_code_value>0x0038</mt_code_value>
      </char>
      <char>
        <options>0</options>
        <typeface>24</typeface>
        <mt_code_value>0xEB04</mt_code_value>
      </char>
      <char>
        <options>0</options>
        <typeface>2</typeface>
        <mt_code_value>0x0025</mt_code_value>
      </char>
      <end/>
    </slot>
    <end/>
  </mtef>
</root>
