<?xml version="1.0"?>
<root>
  <mtef>
    <mtef_version>3</mtef_version>
    <platform>1</platform>
    <product>1</product>
    <product_version>3</product_version>
    <product_subversion>10</product_subversion>
    <full/>
    <slot>
      <options>0</options>
      <tmpl>
        <options>0</options>
        <selector>tmFRACT</selector>
        <variation>tvFR_FULL</variation>
        <template_specific_options>0</template_specific_options>
        <slot>
          <options>0</options>
          <char>
            <options>0</options>
            <typeface>4</typeface>
            <mt_code_value>0x03B1</mt_code_value>
          </char>
          <font>
            <options>0</options>
            <name>Symbol</name>
            <typeface>131</typeface>
            <style>0</style>
          </font>
          <char>
            <options>0</options>
            <typeface>253</typeface>
            <mt_code_value>0x03C0</mt_code_value>
          </char>
          <tmpl>
            <options>0</options>
            <selector>tmPAREN</selector>
            <variation>tvFENCE_L</variation>
            <variation>tvFENCE_R</variation>
            <template_specific_options>0</template_specific_options>
            <slot>
              <options>0</options>
              <char>
                <options>1</options>
                <typeface>3</typeface>
                <mt_code_value>0x0072</mt_code_value>
              </char>
              <char>
                <options>0</options>
                <typeface>6</typeface>
                <mt_code_value>0x002B</mt_code_value>
              </char>
              <char>
                <options>1</options>
                <typeface>3</typeface>
                <mt_code_value>0x0062</mt_code_value>
              </char>
              <end/>
            </slot>
            <char>
              <options>0</options>
              <typeface>22</typeface>
              <mt_code_value>0x0028</mt_code_value>
            </char>
            <char>
              <options>0</options>
              <typeface>22</typeface>
              <mt_code_value>0x0029</mt_code_value>
            </char>
            <end/>
          </tmpl>
          <end/>
        </slot>
        <slot>
          <options>0</options>
          <char>
            <options>0</options>
            <typeface>8</typeface>
            <mt_code_value>0x0031</mt_code_value>
          </char>
          <char>
            <options>0</options>
            <typeface>8</typeface>
            <mt_code_value>0x0038</mt_code_value>
          </char>
          <char>
            <options>0</options>
            <typeface>8</typeface>
            <mt_code_value>0x0030</mt_code_value>
          </char>
          <end/>
        </slot>
        <end/>
      </tmpl>
      <char>
        <options>8</options>
        <nudge>
          <dx>-176</dx>
          <dy>-256</dy>
        </nudge>
        <typeface>6</typeface>
        <mt_code_value>0x002B</mt_code_value>
      </char>
      <char>
        <options>9</options>
        <nudge>
          <dx>160</dx>
          <dy>0</dy>
        </nudge>
        <typeface>3</typeface>
        <mt_code_value>0x0065</mt_code_value>
      </char>
      <char>
        <options>8</options>
        <nudge>
          <dx>160</dx>
          <dy>0</dy>
        </nudge>
        <typeface>6</typeface>
        <mt_code_value>0x002B</mt_code_value>
      </char>
      <char>
        <options>9</options>
        <nudge>
          <dx>160</dx>
          <dy>0</dy>
        </nudge>
        <typeface>3</typeface>
        <mt_code_value>0x0066</mt_code_value>
      </char>
      <end/>
    </slot>
    <end/>
  </mtef>
</root>
