<?xml version="1.0"?>
<root>
  <mtef>
    <mtef_version>3</mtef_version>
    <platform>1</platform>
    <product>1</product>
    <product_version>3</product_version>
    <product_subversion>1</product_subversion>
    <full/>
    <slot>
      <options>0</options>
      <char>
        <options>1</options>
        <typeface>3</typeface>
        <mt_code_value>0x0041</mt_code_value>
      </char>
      <char>
        <options>0</options>
        <typeface>6</typeface>
        <mt_code_value>0x003D</mt_code_value>
      </char>
      <tmpl>
        <options>0</options>
        <selector>tmLIM</selector>
        <variation>tvBO_LOWER</variation>
        <template_specific_options>0</template_specific_options>
        <slot>
          <options>0</options>
          <char>
            <options>1</options>
            <typeface>2</typeface>
            <mt_code_value>0x006C</mt_code_value>
          </char>
          <char>
            <options>1</options>
            <typeface>2</typeface>
            <mt_code_value>0x0069</mt_code_value>
          </char>
          <char>
            <options>1</options>
            <typeface>2</typeface>
            <mt_code_value>0x006D</mt_code_value>
          </char>
          <end/>
        </slot>
        <sub/>
        <pile>
          <options>0</options>
          <halign>center</halign>
          <valign>center_baseline</valign>
          <slot>
            <options>0</options>
            <char>
              <options>1</options>
              <typeface>3</typeface>
              <mt_code_value>0x006E</mt_code_value>
            </char>
            <char>
              <options>0</options>
              <typeface>6</typeface>
              <mt_code_value>0x2192</mt_code_value>
            </char>
            <char>
              <options>0</options>
              <typeface>6</typeface>
              <mt_code_value>0x221E</mt_code_value>
            </char>
            <end/>
          </slot>
          <slot>
            <options>0</options>
            <char>
              <options>0</options>
              <typeface>5</typeface>
              <mt_code_value>0x0394</mt_code_value>
            </char>
            <char>
              <options>1</options>
              <typeface>3</typeface>
              <mt_code_value>0x0078</mt_code_value>
            </char>
            <tmpl>
              <options>0</options>
              <selector>tmSUB</selector>
              <template_specific_options>0</template_specific_options>
              <sub2/>
              <slot>
                <options>0</options>
                <char>
                  <options>1</options>
                  <typeface>3</typeface>
                  <mt_code_value>0x006B</mt_code_value>
                </char>
                <end/>
              </slot>
              <slot>
                <options>1</options>
              </slot>
              <end/>
            </tmpl>
            <sub/>
            <char>
              <options>0</options>
              <typeface>6</typeface>
              <mt_code_value>0x2192</mt_code_value>
            </char>
            <char>
              <options>0</options>
              <typeface>8</typeface>
              <mt_code_value>0x0030</mt_code_value>
            </char>
            <end/>
          </slot>
          <end/>
        </pile>
        <slot>
          <options>1</options>
        </slot>
        <end/>
      </tmpl>
      <full/>
      <tmpl>
        <options>0</options>
        <selector>tmSUM</selector>
        <variation>tvBO_LOWER</variation>
        <variation>tvBO_UPPER</variation>
        <variation>tvBO_SUM</variation>
        <template_specific_options>0</template_specific_options>
        <slot>
          <options>0</options>
          <char>
            <options>1</options>
            <typeface>3</typeface>
            <mt_code_value>0x0066</mt_code_value>
          </char>
          <char>
            <options>0</options>
            <typeface>2</typeface>
            <mt_code_value>0x0028</mt_code_value>
          </char>
          <char>
            <options>3</options>
            <typeface>3</typeface>
            <mt_code_value>0x0078</mt_code_value>
            <embell>
              <options>0</options>
              <embell>embTILDE</embell>
            </embell>
            <end/>
          </char>
          <tmpl>
            <options>0</options>
            <selector>tmSUB</selector>
            <template_specific_options>0</template_specific_options>
            <sub/>
            <slot>
              <options>0</options>
              <char>
                <options>1</options>
                <typeface>3</typeface>
                <mt_code_value>0x006B</mt_code_value>
              </char>
              <end/>
            </slot>
            <slot>
              <options>1</options>
            </slot>
            <end/>
          </tmpl>
          <full/>
          <char>
            <options>0</options>
            <typeface>2</typeface>
            <mt_code_value>0x0029</mt_code_value>
          </char>
          <char>
            <options>0</options>
            <typeface>5</typeface>
            <mt_code_value>0x0394</mt_code_value>
          </char>
          <char>
            <options>1</options>
            <typeface>3</typeface>
            <mt_code_value>0x0078</mt_code_value>
          </char>
          <tmpl>
            <options>0</options>
            <selector>tmSUB</selector>
            <template_specific_options>0</template_specific_options>
            <sub/>
            <slot>
              <options>0</options>
              <char>
                <options>1</options>
                <typeface>3</typeface>
                <mt_code_value>0x006B</mt_code_value>
              </char>
              <end/>
            </slot>
            <slot>
              <options>1</options>
            </slot>
            <end/>
          </tmpl>
          <end/>
        </slot>
        <slot>
          <options>0</options>
          <char>
            <options>1</options>
            <typeface>3</typeface>
            <mt_code_value>0x006B</mt_code_value>
          </char>
          <char>
            <options>0</options>
            <typeface>6</typeface>
            <mt_code_value>0x003D</mt_code_value>
          </char>
          <char>
            <options>0</options>
            <typeface>8</typeface>
            <mt_code_value>0x0031</mt_code_value>
          </char>
          <end/>
        </slot>
        <slot>
          <options>0</options>
          <char>
            <options>1</options>
            <typeface>3</typeface>
            <mt_code_value>0x006E</mt_code_value>
          </char>
          <end/>
        </slot>
        <sym/>
        <char>
          <options>0</options>
          <typeface>6</typeface>
          <mt_code_value>0x2211</mt_code_value>
        </char>
        <end/>
      </tmpl>
      <end/>
    </slot>
    <end/>
  </mtef>
</root>
