<?xml version="1.0"?>
<root>
  <mtef>
    <mtef_version>3</mtef_version>
    <platform>1</platform>
    <product>1</product>
    <product_version>3</product_version>
    <product_subversion>10</product_subversion>
    <full/>
    <slot>
      <options>0</options>
      <char>
        <options>0</options>
        <typeface>4</typeface>
        <mt_code_value>0x03C9</mt_code_value>
      </char>
      <tmpl>
        <options>0</options>
        <selector>tmSUBSUP</selector>
        <template_specific_options>0</template_specific_options>
        <sub/>
        <slot>
          <options>0</options>
          <char>
            <options>1</options>
            <typeface>3</typeface>
            <mt_code_value>0x0072</mt_code_value>
          </char>
          <char>
            <options>1</options>
            <typeface>3</typeface>
            <mt_code_value>0x0073</mt_code_value>
          </char>
          <end/>
        </slot>
        <slot>
          <options>0</options>
          <char>
            <options>0</options>
            <typeface>2</typeface>
            <mt_code_value>0x002A</mt_code_value>
          </char>
          <end/>
        </slot>
        <end/>
      </tmpl>
      <full/>
      <char>
        <options>0</options>
        <typeface>6</typeface>
        <mt_code_value>0x003D</mt_code_value>
      </char>
      <tmpl>
        <options>0</options>
        <selector>tmBRACE</selector>
        <variation>tvFENCE_L</variation>
        <template_specific_options>0</template_specific_options>
        <slot>
          <options>0</options>
          <matrix>
            <options>0</options>
            <valign>center_baseline</valign>
            <h_just>left</h_just>
            <v_just>center_baseline</v_just>
            <rows>2</rows>
            <cols>1</cols>
            <row_parts>0</row_parts>
            <row_parts>0</row_parts>
            <row_parts>0</row_parts>
            <col_parts>0</col_parts>
            <col_parts>0</col_parts>
            <slot>
              <options>0</options>
              <char>
                <options>0</options>
                <typeface>8</typeface>
                <mt_code_value>0x0031</mt_code_value>
              </char>
              <char>
                <options>0</options>
                <typeface>24</typeface>
                <mt_code_value>0xEB04</mt_code_value>
              </char>
              <char>
                <options>0</options>
                <typeface>24</typeface>
                <mt_code_value>0xEB04</mt_code_value>
              </char>
              <char>
                <options>1</options>
                <typeface>3</typeface>
                <mt_code_value>0x0069</mt_code_value>
              </char>
              <char>
                <options>1</options>
                <typeface>3</typeface>
                <mt_code_value>0x0066</mt_code_value>
              </char>
              <char>
                <options>0</options>
                <typeface>24</typeface>
                <mt_code_value>0xEB04</mt_code_value>
              </char>
              <char>
                <options>0</options>
                <typeface>24</typeface>
                <mt_code_value>0xEB01</mt_code_value>
              </char>
              <char>
                <options>1</options>
                <typeface>3</typeface>
                <mt_code_value>0x0072</mt_code_value>
              </char>
              <char>
                <options>1</options>
                <typeface>3</typeface>
                <mt_code_value>0x0065</mt_code_value>
              </char>
              <char>
                <options>1</options>
                <typeface>3</typeface>
                <mt_code_value>0x0067</mt_code_value>
              </char>
              <char>
                <options>1</options>
                <typeface>3</typeface>
                <mt_code_value>0x0069</mt_code_value>
              </char>
              <char>
                <options>1</options>
                <typeface>3</typeface>
                <mt_code_value>0x006F</mt_code_value>
              </char>
              <char>
                <options>1</options>
                <typeface>3</typeface>
                <mt_code_value>0x006E</mt_code_value>
              </char>
              <char>
                <options>1</options>
                <typeface>3</typeface>
                <mt_code_value>0x0073</mt_code_value>
              </char>
              <char>
                <options>0</options>
                <typeface>24</typeface>
                <mt_code_value>0xEB04</mt_code_value>
              </char>
              <char>
                <options>1</options>
                <typeface>3</typeface>
                <mt_code_value>0x0072</mt_code_value>
              </char>
              <char>
                <options>0</options>
                <typeface>24</typeface>
                <mt_code_value>0xEB04</mt_code_value>
              </char>
              <char>
                <options>1</options>
                <typeface>3</typeface>
                <mt_code_value>0x0061</mt_code_value>
              </char>
              <char>
                <options>1</options>
                <typeface>3</typeface>
                <mt_code_value>0x006E</mt_code_value>
              </char>
              <char>
                <options>1</options>
                <typeface>3</typeface>
                <mt_code_value>0x0064</mt_code_value>
              </char>
              <char>
                <options>0</options>
                <typeface>24</typeface>
                <mt_code_value>0xEB04</mt_code_value>
              </char>
              <char>
                <options>1</options>
                <typeface>3</typeface>
                <mt_code_value>0x0073</mt_code_value>
              </char>
              <char>
                <options>0</options>
                <typeface>24</typeface>
                <mt_code_value>0xEB04</mt_code_value>
              </char>
              <char>
                <options>1</options>
                <typeface>3</typeface>
                <mt_code_value>0x0073</mt_code_value>
              </char>
              <char>
                <options>1</options>
                <typeface>3</typeface>
                <mt_code_value>0x0068</mt_code_value>
              </char>
              <char>
                <options>1</options>
                <typeface>3</typeface>
                <mt_code_value>0x0061</mt_code_value>
              </char>
              <char>
                <options>1</options>
                <typeface>3</typeface>
                <mt_code_value>0x0072</mt_code_value>
              </char>
              <char>
                <options>1</options>
                <typeface>3</typeface>
                <mt_code_value>0x0065</mt_code_value>
              </char>
              <char>
                <options>0</options>
                <typeface>24</typeface>
                <mt_code_value>0xEB04</mt_code_value>
              </char>
              <char>
                <options>1</options>
                <typeface>3</typeface>
                <mt_code_value>0x0061</mt_code_value>
              </char>
              <char>
                <options>0</options>
                <typeface>24</typeface>
                <mt_code_value>0xEB04</mt_code_value>
              </char>
              <char>
                <options>1</options>
                <typeface>3</typeface>
                <mt_code_value>0x0063</mt_code_value>
              </char>
              <char>
                <options>1</options>
                <typeface>3</typeface>
                <mt_code_value>0x006F</mt_code_value>
              </char>
              <char>
                <options>1</options>
                <typeface>3</typeface>
                <mt_code_value>0x006D</mt_code_value>
              </char>
              <char>
                <options>1</options>
                <typeface>3</typeface>
                <mt_code_value>0x006D</mt_code_value>
              </char>
              <char>
                <options>1</options>
                <typeface>3</typeface>
                <mt_code_value>0x006F</mt_code_value>
              </char>
              <char>
                <options>1</options>
                <typeface>3</typeface>
                <mt_code_value>0x006E</mt_code_value>
              </char>
              <char>
                <options>0</options>
                <typeface>24</typeface>
                <mt_code_value>0xEB04</mt_code_value>
              </char>
              <char>
                <options>1</options>
                <typeface>3</typeface>
                <mt_code_value>0x0062</mt_code_value>
              </char>
              <char>
                <options>1</options>
                <typeface>3</typeface>
                <mt_code_value>0x006F</mt_code_value>
              </char>
              <char>
                <options>1</options>
                <typeface>3</typeface>
                <mt_code_value>0x0075</mt_code_value>
              </char>
              <char>
                <options>1</options>
                <typeface>3</typeface>
                <mt_code_value>0x006E</mt_code_value>
              </char>
              <char>
                <options>1</options>
                <typeface>3</typeface>
                <mt_code_value>0x0064</mt_code_value>
              </char>
              <char>
                <options>1</options>
                <typeface>3</typeface>
                <mt_code_value>0x0061</mt_code_value>
              </char>
              <char>
                <options>1</options>
                <typeface>3</typeface>
                <mt_code_value>0x0072</mt_code_value>
              </char>
              <char>
                <options>1</options>
                <typeface>3</typeface>
                <mt_code_value>0x0079</mt_code_value>
              </char>
              <char>
                <options>0</options>
                <typeface>24</typeface>
                <mt_code_value>0xEB04</mt_code_value>
              </char>
              <char>
                <options>0</options>
                <typeface>2</typeface>
                <mt_code_value>0x0028</mt_code_value>
              </char>
              <char>
                <options>1</options>
                <typeface>3</typeface>
                <mt_code_value>0x0065</mt_code_value>
              </char>
              <char>
                <options>1</options>
                <typeface>3</typeface>
                <mt_code_value>0x0064</mt_code_value>
              </char>
              <char>
                <options>1</options>
                <typeface>3</typeface>
                <mt_code_value>0x0067</mt_code_value>
              </char>
              <char>
                <options>1</options>
                <typeface>3</typeface>
                <mt_code_value>0x0065</mt_code_value>
              </char>
              <char>
                <options>0</options>
                <typeface>2</typeface>
                <mt_code_value>0x0029</mt_code_value>
              </char>
              <end/>
            </slot>
            <slot>
              <options>0</options>
              <char>
                <options>0</options>
                <typeface>8</typeface>
                <mt_code_value>0x0030</mt_code_value>
              </char>
              <char>
                <options>0</options>
                <typeface>24</typeface>
                <mt_code_value>0xEB04</mt_code_value>
              </char>
              <char>
                <options>1</options>
                <typeface>3</typeface>
                <mt_code_value>0x006F</mt_code_value>
              </char>
              <char>
                <options>1</options>
                <typeface>3</typeface>
                <mt_code_value>0x0074</mt_code_value>
              </char>
              <char>
                <options>1</options>
                <typeface>3</typeface>
                <mt_code_value>0x0068</mt_code_value>
              </char>
              <char>
                <options>1</options>
                <typeface>3</typeface>
                <mt_code_value>0x0065</mt_code_value>
              </char>
              <char>
                <options>1</options>
                <typeface>3</typeface>
                <mt_code_value>0x0072</mt_code_value>
              </char>
              <char>
                <options>1</options>
                <typeface>3</typeface>
                <mt_code_value>0x0077</mt_code_value>
              </char>
              <char>
                <options>1</options>
                <typeface>3</typeface>
                <mt_code_value>0x0069</mt_code_value>
              </char>
              <char>
                <options>1</options>
                <typeface>3</typeface>
                <mt_code_value>0x0073</mt_code_value>
              </char>
              <char>
                <options>1</options>
                <typeface>3</typeface>
                <mt_code_value>0x0065</mt_code_value>
              </char>
              <char>
                <options>0</options>
                <typeface>24</typeface>
                <mt_code_value>0xEB04</mt_code_value>
              </char>
              <char>
                <options>0</options>
                <typeface>24</typeface>
                <mt_code_value>0xEB04</mt_code_value>
              </char>
              <char>
                <options>0</options>
                <typeface>24</typeface>
                <mt_code_value>0xEB05</mt_code_value>
              </char>
              <char>
                <options>0</options>
                <typeface>24</typeface>
                <mt_code_value>0xEB05</mt_code_value>
              </char>
              <char>
                <options>0</options>
                <typeface>24</typeface>
                <mt_code_value>0xEB05</mt_code_value>
              </char>
              <char>
                <options>0</options>
                <typeface>24</typeface>
                <mt_code_value>0xEB05</mt_code_value>
              </char>
              <char>
                <options>0</options>
                <typeface>24</typeface>
                <mt_code_value>0xEB05</mt_code_value>
              </char>
              <char>
                <options>0</options>
                <typeface>24</typeface>
                <mt_code_value>0xEB05</mt_code_value>
              </char>
              <char>
                <options>0</options>
                <typeface>24</typeface>
                <mt_code_value>0xEB05</mt_code_value>
              </char>
              <char>
                <options>0</options>
                <typeface>24</typeface>
                <mt_code_value>0xEB05</mt_code_value>
              </char>
              <char>
                <options>0</options>
                <typeface>24</typeface>
                <mt_code_value>0xEB05</mt_code_value>
              </char>
              <char>
                <options>0</options>
                <typeface>24</typeface>
                <mt_code_value>0xEB05</mt_code_value>
              </char>
              <char>
                <options>0</options>
                <typeface>24</typeface>
                <mt_code_value>0xEB05</mt_code_value>
              </char>
              <char>
                <options>0</options>
                <typeface>24</typeface>
                <mt_code_value>0xEB05</mt_code_value>
              </char>
              <char>
                <options>0</options>
                <typeface>24</typeface>
                <mt_code_value>0xEB05</mt_code_value>
              </char>
              <char>
                <options>0</options>
                <typeface>24</typeface>
                <mt_code_value>0xEB05</mt_code_value>
              </char>
              <char>
                <options>0</options>
                <typeface>24</typeface>
                <mt_code_value>0xEB05</mt_code_value>
              </char>
              <end/>
            </slot>
            <end/>
          </matrix>
          <end/>
        </slot>
        <char>
          <options>0</options>
          <typeface>22</typeface>
          <mt_code_value>0x007B</mt_code_value>
        </char>
        <end/>
      </tmpl>
      <end/>
    </slot>
    <end/>
  </mtef>
</root>
