<?xml version="1.0"?>
<root>
  <mtef>
    <mtef_version>3</mtef_version>
    <platform>1</platform>
    <product>1</product>
    <product_version>3</product_version>
    <product_subversion>10</product_subversion>
    <full/>
    <slot>
      <options>0</options>
      <char>
        <options>0</options>
        <typeface>4</typeface>
        <mt_code_value>0x03B4</mt_code_value>
      </char>
      <tmpl>
        <options>0</options>
        <selector>tmSUBSUP</selector>
        <template_specific_options>0</template_specific_options>
        <sub/>
        <slot>
          <options>0</options>
          <char>
            <options>1</options>
            <typeface>3</typeface>
            <mt_code_value>0x006A</mt_code_value>
          </char>
          <end/>
        </slot>
        <slot>
          <options>0</options>
          <char>
            <options>0</options>
            <typeface>2</typeface>
            <mt_code_value>0x002A</mt_code_value>
          </char>
          <end/>
        </slot>
        <end/>
      </tmpl>
      <end/>
    </slot>
    <end/>
  </mtef>
</root>
