<?xml version="1.0"?>
<root>
  <mtef>
    <mtef_version>3</mtef_version>
    <platform>1</platform>
    <product>1</product>
    <product_version>3</product_version>
    <product_subversion>10</product_subversion>
    <full/>
    <slot>
      <options>0</options>
      <tmpl>
        <options>0</options>
        <selector>tmROOT</selector>
        <variation>tvROOT_SQ</variation>
        <template_specific_options>0</template_specific_options>
        <slot>
          <options>0</options>
          <tmpl>
            <options>0</options>
            <selector>tmPAREN</selector>
            <variation>tvFENCE_L</variation>
            <variation>tvFENCE_R</variation>
            <template_specific_options>0</template_specific_options>
            <slot>
              <options>0</options>
              <char>
                <options>1</options>
                <typeface>3</typeface>
                <mt_code_value>0x006C</mt_code_value>
              </char>
              <sub/>
              <char>
                <options>8</options>
                <nudge>
                  <dx>-256</dx>
                  <dy>-96</dy>
                </nudge>
                <typeface>8</typeface>
                <mt_code_value>0x0032</mt_code_value>
              </char>
              <full/>
              <char>
                <options>0</options>
                <typeface>6</typeface>
                <mt_code_value>0x002B</mt_code_value>
              </char>
              <char>
                <options>1</options>
                <typeface>3</typeface>
                <mt_code_value>0x0065</mt_code_value>
              </char>
              <sub/>
              <char>
                <options>8</options>
                <nudge>
                  <dx>-256</dx>
                  <dy>-96</dy>
                </nudge>
                <typeface>8</typeface>
                <mt_code_value>0x0032</mt_code_value>
              </char>
              <end/>
            </slot>
            <full/>
            <char>
              <options>0</options>
              <typeface>22</typeface>
              <mt_code_value>0x0028</mt_code_value>
            </char>
            <char>
              <options>0</options>
              <typeface>22</typeface>
              <mt_code_value>0x0029</mt_code_value>
            </char>
            <end/>
          </tmpl>
          <end/>
        </slot>
        <sub/>
        <slot>
          <options>1</options>
        </slot>
        <end/>
      </tmpl>
      <end/>
    </slot>
    <end/>
  </mtef>
</root>
