<?xml version="1.0"?>
<root>
  <mtef>
    <mtef_version>3</mtef_version>
    <platform>1</platform>
    <product>1</product>
    <product_version>3</product_version>
    <product_subversion>10</product_subversion>
    <full/>
    <slot>
      <options>0</options>
      <char>
        <options>0</options>
        <typeface>4</typeface>
        <mt_code_value>0x03C3</mt_code_value>
      </char>
      <tmpl>
        <options>0</options>
        <selector>tmSUB</selector>
        <template_specific_options>0</template_specific_options>
        <sub/>
        <slot>
          <options>0</options>
          <font>
            <options>0</options>
            <name>Arial</name>
            <typeface>130</typeface>
            <style>0</style>
          </font>
          <char>
            <options>0</options>
            <typeface>254</typeface>
            <mt_code_value>0x0074</mt_code_value>
          </char>
          <end/>
        </slot>
        <slot>
          <options>1</options>
        </slot>
        <end/>
      </tmpl>
      <full/>
      <char>
        <options>0</options>
        <typeface>6</typeface>
        <mt_code_value>0x003D</mt_code_value>
      </char>
      <tmpl>
        <options>0</options>
        <selector>tmROOT</selector>
        <variation>tvROOT_SQ</variation>
        <template_specific_options>0</template_specific_options>
        <slot>
          <options>0</options>
          <char>
            <options>0</options>
            <typeface>4</typeface>
            <mt_code_value>0x03C3</mt_code_value>
          </char>
          <tmpl>
            <options>0</options>
            <selector>tmSUBSUP</selector>
            <template_specific_options>0</template_specific_options>
            <sub/>
            <slot>
              <options>0</options>
              <char>
                <options>0</options>
                <typeface>254</typeface>
                <mt_code_value>0x0052</mt_code_value>
              </char>
              <end/>
            </slot>
            <slot>
              <options>0</options>
              <char>
                <options>0</options>
                <typeface>8</typeface>
                <mt_code_value>0x0032</mt_code_value>
              </char>
              <end/>
            </slot>
            <end/>
          </tmpl>
          <full/>
          <char>
            <options>0</options>
            <typeface>6</typeface>
            <mt_code_value>0x002B</mt_code_value>
          </char>
          <char>
            <options>0</options>
            <typeface>4</typeface>
            <mt_code_value>0x03C3</mt_code_value>
          </char>
          <tmpl>
            <options>0</options>
            <selector>tmSUBSUP</selector>
            <template_specific_options>0</template_specific_options>
            <sub/>
            <slot>
              <options>0</options>
              <char>
                <options>0</options>
                <typeface>254</typeface>
                <mt_code_value>0x0050</mt_code_value>
              </char>
              <end/>
            </slot>
            <slot>
              <options>0</options>
              <char>
                <options>0</options>
                <typeface>8</typeface>
                <mt_code_value>0x0032</mt_code_value>
              </char>
              <end/>
            </slot>
            <end/>
          </tmpl>
          <end/>
        </slot>
        <slot>
          <options>1</options>
        </slot>
        <end/>
      </tmpl>
      <end/>
    </slot>
    <end/>
  </mtef>
</root>
